"version":2,	/Users/vito/.dsh/sessions/--Users-vito-data-dev-dsh-plugins--/06d87d27-bc58-408b-9f42-6af1e5e44516/session.jsonl.zstd
"version":2,	/Users/vito/.dsh/sessions/--Users-vito-data-dev-dsh-plugins--/0a6e60db-2bc5-47ef-9b64-eedcf7ece225/session.jsonl.zstd
"version":2,	/Users/vito/.dsh/sessions/--Users-vito-data-dev-dsh-plugins--/0a6f8333-5554-4320-8f54-6afdf72de0a0/session.jsonl.zstd
"version":2,	/Users/vito/.dsh/sessions/--Users-vito-data-dev-dsh-plugins--/0f5df655-5d0e-490c-b22e-08b22c7e63f6/session.jsonl.zstd
"version":2,	/Users/vito/.dsh/sessions/--Users-vito-data-dev-dsh-plugins--/12743a7c-fb8f-48c1-9455-5a6b0ada380f/session.jsonl.zstd
"version":2,	/Users/vito/.dsh/sessions/--Users-vito-data-dev-dsh-plugins--/14386b3d-fee7-45e0-8714-8a959c9d9b4c/session.jsonl.zstd
"version":2,	/Users/vito/.dsh/sessions/--Users-vito-data-dev-dsh-plugins--/177ef6ab-9371-4d74-9ca6-3559dcdc6c5c/session.jsonl.zstd
"version":2,	/Users/vito/.dsh/sessions/--Users-vito-data-dev-dsh-plugins--/18355d04-73aa-4929-8f6c-4646f15c0da9/session.jsonl.zstd
"version":2,	/Users/vito/.dsh/sessions/--Users-vito-data-dev-dsh-plugins--/18ef8135-a939-451c-aaba-38d9055f03fd/session.jsonl.zstd
"version":2,	/Users/vito/.dsh/sessions/--Users-vito-data-dev-dsh-plugins--/1e2df621-45e3-49ff-bcd5-ff4b12156e1f/session.jsonl.zstd
"version":2,	/Users/vito/.dsh/sessions/--Users-vito-data-dev-dsh-plugins--/20181627-c377-406a-b3e9-9a05b380b626/session.jsonl.zstd
"version":2,	/Users/vito/.dsh/sessions/--Users-vito-data-dev-dsh-plugins--/2525bcf3-d7d5-4aa4-9e22-0596c9c17e5f/session.jsonl.zstd
"version":2,	/Users/vito/.dsh/sessions/--Users-vito-data-dev-dsh-plugins--/2b32657e-c69c-4723-936f-d40c09507e4e/session.jsonl.zstd
"version":2,	/Users/vito/.dsh/sessions/--Users-vito-data-dev-dsh-plugins--/2c96bf94-abf2-495a-a4b2-d77aeb2b45f2/session.jsonl.zstd
"version":2,	/Users/vito/.dsh/sessions/--Users-vito-data-dev-dsh-plugins--/3080249d-3b0d-4996-9a4b-360e21f094c6/session.jsonl.zstd
"version":2,	/Users/vito/.dsh/sessions/--Users-vito-data-dev-dsh-plugins--/32b5e777-c48f-423b-aea7-0e15d64da963/session.jsonl.zstd
"version":2,	/Users/vito/.dsh/sessions/--Users-vito-data-dev-dsh-plugins--/361c6c15-fa49-477e-bd2a-97dd42730fc5/session.jsonl.zstd
"version":2,	/Users/vito/.dsh/sessions/--Users-vito-data-dev-dsh-plugins--/370946af-39b0-4ec0-8220-cdb07eaf1c73/session.jsonl.zstd
"version":2,	/Users/vito/.dsh/sessions/--Users-vito-data-dev-dsh-plugins--/382b4b68-7ffc-4268-bcc1-5e5e92133bf5/session.jsonl.zstd
"version":2,	/Users/vito/.dsh/sessions/--Users-vito-data-dev-dsh-plugins--/503558df-f2f0-4467-bc62-d62c73c8e8df/session.jsonl.zstd
"version":2,	/Users/vito/.dsh/sessions/--Users-vito-data-dev-dsh-plugins--/574bbad0-ca7b-4a57-9e13-00021c1cffdd/session.jsonl.zstd
"version":2,	/Users/vito/.dsh/sessions/--Users-vito-data-dev-dsh-plugins--/5c423e2f-038a-4fa3-8440-9ebdd7d805f1/session.jsonl.zstd
"version":2,	/Users/vito/.dsh/sessions/--Users-vito-data-dev-dsh-plugins--/631eda94-7cf8-4bf5-a995-8a43d48dda68/session.jsonl.zstd
"version":2,	/Users/vito/.dsh/sessions/--Users-vito-data-dev-dsh-plugins--/6599da30-a154-4b7f-9983-ebc93c72abdc/session.jsonl.zstd
"version":2,	/Users/vito/.dsh/sessions/--Users-vito-data-dev-dsh-plugins--/6881b07d-f5c5-41d9-88a5-623208fe96e6/session.jsonl.zstd
"version":2,	/Users/vito/.dsh/sessions/--Users-vito-data-dev-dsh-plugins--/6a8361ae-06ed-417a-af4f-db905acd52f5/session.jsonl.zstd
"version":2,	/Users/vito/.dsh/sessions/--Users-vito-data-dev-dsh-plugins--/6dec32b3-266f-418c-b736-82ba5c94d130/session.jsonl.zstd
"version":2,	/Users/vito/.dsh/sessions/--Users-vito-data-dev-dsh-plugins--/80bf1aac-8b1b-4abd-b87b-ab4f80f4ef5d/session.jsonl.zstd
"version":2,	/Users/vito/.dsh/sessions/--Users-vito-data-dev-dsh-plugins--/892cf344-89d3-4961-899a-f648912875ee/session.jsonl.zstd
"version":2,	/Users/vito/.dsh/sessions/--Users-vito-data-dev-dsh-plugins--/928ec3e4-c41e-45e8-ae0f-df710a4379bb/session.jsonl.zstd
"version":2,	/Users/vito/.dsh/sessions/--Users-vito-data-dev-dsh-plugins--/a1be8928-7e81-406e-a839-70ef77d5b2c9/session.jsonl.zstd
"version":2,	/Users/vito/.dsh/sessions/--Users-vito-data-dev-dsh-plugins--/b15352d7-bc25-4082-97f0-6ca2c43f3f46/session.jsonl.zstd
"version":2,	/Users/vito/.dsh/sessions/--Users-vito-data-dev-dsh-plugins--/b4cfcbf7-cd3b-4fdb-97a3-72aa746a4504/session.jsonl.zstd
"version":2,	/Users/vito/.dsh/sessions/--Users-vito-data-dev-dsh-plugins--/ba732533-9e8a-4fa7-ac29-d1c83a1505e7/session.jsonl.zstd
"version":2,	/Users/vito/.dsh/sessions/--Users-vito-data-dev-dsh-plugins--/c0ae4c73-bd09-4497-849c-ead76ceb768d/session.jsonl.zstd
"version":2,	/Users/vito/.dsh/sessions/--Users-vito-data-dev-dsh-plugins--/c116f889-4a04-4b53-961e-c579f1983661/session.jsonl.zstd
"version":2,	/Users/vito/.dsh/sessions/--Users-vito-data-dev-dsh-plugins--/d2172b0d-3c07-4aed-9f67-e5c40940b20a/session.jsonl.zstd
"version":2,	/Users/vito/.dsh/sessions/--Users-vito-data-dev-dsh-plugins--/d89789fa-0e48-484f-8104-72bc2c19d9a1/session.jsonl.zstd
"version":2,	/Users/vito/.dsh/sessions/--Users-vito-data-dev-dsh-plugins--/e818c39d-3fdd-4211-afdd-b2f79215cabb/session.jsonl.zstd
"version":2,	/Users/vito/.dsh/sessions/--Users-vito-data-dev-dsh-plugins--/e94d41bd-f557-4f8f-92a0-854bb5f27a79/session.jsonl.zstd
"version":2,	/Users/vito/.dsh/sessions/--Users-vito-data-dev-dsh-plugins--/e9ddf3dc-f0cb-423d-9bc1-4d8b61bae43d/session.jsonl.zstd
"version":2,	/Users/vito/.dsh/sessions/--Users-vito-data-dev-dsh-plugins--/f927e209-7d8e-4063-a578-4bbd762e4308/session.jsonl.zstd
"version":2,	/Users/vito/.dsh/sessions/--Users-vito-data-dev-dsh-plugins--/fb698fcf-57eb-45c2-af1c-73e7508b1897/session.jsonl.zstd
"version":2,	/Users/vito/.dsh/sessions/--Users-vito-data-dev-dsh-plugins--/ff4492dc-3904-4931-8eff-02a99ac81d3f/session.jsonl.zstd
"version":2,	/Users/vito/.dsh/sessions/--Users-vito-data-dev-dsh-relay--/2edaf61e-9099-49a5-b706-2adf089fb868/session.jsonl.zstd
"version":2,	/Users/vito/.dsh/sessions/--Users-vito-data-dev-dsh-relay--/7193945a-b74a-44f9-9b96-fe69dcfc8d21/session.jsonl.zstd
"version":2,	/Users/vito/.dsh/sessions/--Users-vito-data-dev-dsh-relay--/a0927aeb-a760-4980-8f8c-a42a2f547e43/session.jsonl.zstd
"version":2,	/Users/vito/.dsh/sessions/--Users-vito-data-dev-dsh-relay--/aaf35831-32ac-490a-8d83-51c11fce32bf/session.jsonl.zstd
"version":2,	/Users/vito/.dsh/sessions/--Users-vito-data-dev-dsh-relay--/f1c26c91-c517-4634-bd4b-62518218d381/session.jsonl.zstd
"version":2,	/Users/vito/.dsh/sessions/--Users-vito-data-dev-others--/059274cd-c30b-4a72-8a81-0ed88c6e457b/session.jsonl.zstd
"version":2,	/Users/vito/.dsh/sessions/--Users-vito-data-dev-others--/16d24035-04bb-4351-88f4-0451160174a7/session.jsonl.zstd
"version":2,	/Users/vito/.dsh/sessions/--Users-vito-data-dev-others--/19cdef1c-b56b-445f-8a5a-310b7ab59351/session.jsonl.zstd
"version":2,	/Users/vito/.dsh/sessions/--Users-vito-data-dev-others--/19e2f33f-25f4-43d0-9210-8d72edc86b66/session.jsonl.zstd
"version":2,	/Users/vito/.dsh/sessions/--Users-vito-data-dev-others--/27ca25ec-348d-4504-b060-cb669d47e41e/session.jsonl.zstd
"version":2,	/Users/vito/.dsh/sessions/--Users-vito-data-dev-others--/3d78bcf2-9a4b-4b08-9dae-c89d80f7166c/session.jsonl.zstd
"version":2,	/Users/vito/.dsh/sessions/--Users-vito-data-dev-others--/3f604250-8394-4538-a147-9d86165cb2af/session.jsonl.zstd
"version":2,	/Users/vito/.dsh/sessions/--Users-vito-data-dev-others--/5ec2e2d7-ce91-43ed-b2b5-2e32e8dae0bf/session.jsonl.zstd
"version":2,	/Users/vito/.dsh/sessions/--Users-vito-data-dev-others--/674745f5-2736-4bb7-a96d-06cf27e3d4c0/session.jsonl.zstd
"version":2,	/Users/vito/.dsh/sessions/--Users-vito-data-dev-others--/6fc70a7d-d8a2-4da2-8603-ca1d0e1fa861/session.jsonl.zstd
"version":2,	/Users/vito/.dsh/sessions/--Users-vito-data-dev-others--/73a8a87b-5a24-4dc7-8841-dfd78e477d2a/session.jsonl.zstd
"version":2,	/Users/vito/.dsh/sessions/--Users-vito-data-dev-others--/8cca2600-0fc7-4480-9193-67713eff1c51/session.jsonl.zstd
"version":2,	/Users/vito/.dsh/sessions/--Users-vito-data-dev-others--/91a319ae-4f5c-4e52-9388-08efdaef215e/session.jsonl.zstd
"version":2,	/Users/vito/.dsh/sessions/--Users-vito-data-dev-others--/9cdf92f3-d9bd-4ec8-9874-350a8e778c9b/session.jsonl.zstd
"version":2,	/Users/vito/.dsh/sessions/--Users-vito-data-dev-others--/a3b9e367-00d3-49b6-a9f4-d806ddb5902a/session.jsonl.zstd
"version":2,	/Users/vito/.dsh/sessions/--Users-vito-data-dev-others--/b18c4fa0-ba0e-4dc2-9bdd-562e5ba99b58/session.jsonl.zstd
"version":2,	/Users/vito/.dsh/sessions/--Users-vito-data-dev-others--/cb0a9880-5143-4edf-89dc-6c07e8bffff0/session.jsonl.zstd
"version":2,	/Users/vito/.dsh/sessions/--Users-vito-data-dev-others--/cd66b67a-5ae6-443e-9baa-8c21f0426810/session.jsonl.zstd
"version":2,	/Users/vito/.dsh/sessions/--Users-vito-data-dev-others--/cef0d4da-e9e9-4122-b15b-dd228ca34563/session.jsonl.zstd
"version":2,	/Users/vito/.dsh/sessions/--Users-vito-data-dev-others--/d5d97ba0-7c4e-4028-ac00-b7026f27cb59/session.jsonl.zstd
"version":2,	/Users/vito/.dsh/sessions/--Users-vito-data-dev-others--/d60439b5-6e4b-4777-9fc9-d17cea9b0a6b/session.jsonl.zstd
"version":2,	/Users/vito/.dsh/sessions/--Users-vito-data-dev-others--/fdd07572-72bf-46da-be66-30a8b45d6c65/session.jsonl.zstd
"version":2,	/Users/vito/.dsh/sessions/--Users-vito-data-dev-others--/ff8dd1cb-8e3f-4d55-95d6-6a508aa0923f/session.jsonl.zstd
